stock_code,trade_time,trade_date,open,close,high,low,volume,amount,change_pct,change,turnover_ratio,pre_close
002457,2025-01-02 00:00:00,2025-01-02,11.39,11.14,11.59,11.04,11892800,136592515.0,-2.62,-0.3,3.57,11.44
002457,2025-01-03 00:00:00,2025-01-03,11.11,10.66,11.21,10.65,14593800,160454204.7,-4.31,-0.48,4.38,11.14
002457,2025-01-06 00:00:00,2025-01-06,10.54,10.54,10.75,10.32,9065400,97034078.0,-1.13,-0.12,2.72,10.66
002457,2025-01-07 00:00:00,2025-01-07,10.57,10.95,10.95,10.56,10319100,112327130.0,3.89,0.41,3.1,10.54
002457,2025-01-08 00:00:00,2025-01-08,10.83,10.88,10.94,10.57,9410900,103105236.0,-0.64,-0.07,2.82,10.95
002457,2025-01-09 00:00:00,2025-01-09,10.83,10.9,10.99,10.76,7411200,82102233.0,0.18,0.02,2.22,10.88
002457,2025-01-10 00:00:00,2025-01-10,10.89,10.58,10.96,10.56,6882900,75229601.71,-2.94,-0.32,2.06,10.9
002457,2025-01-13 00:00:00,2025-01-13,10.39,10.61,10.63,10.18,7431300,78887320.0,0.28,0.03,2.23,10.58
002457,2025-01-14 00:00:00,2025-01-14,10.68,11.11,11.12,10.64,11392600,126616438.0,4.71,0.5,3.42,10.61
002457,2025-01-15 00:00:00,2025-01-15,11.1,11.07,11.34,11.01,8956600,101010566.0,-0.36,-0.04,2.69,11.11
002457,2025-01-16 00:00:00,2025-01-16,11.18,11.13,11.26,10.99,8348600,94356440.7,0.54,0.06,2.5,11.07
002457,2025-01-17 00:00:00,2025-01-17,11.07,11.19,11.25,11.01,7630300,86355115.0,0.54,0.06,2.29,11.13
002457,2025-01-20 00:00:00,2025-01-20,11.29,11.47,11.69,11.21,14874200,172621091.0,2.5,0.28,4.46,11.19
002457,2025-01-21 00:00:00,2025-01-21,11.53,11.71,11.76,11.37,15161300,177758531.0,2.09,0.24,4.55,11.47
002457,2025-01-22 00:00:00,2025-01-22,11.6,11.65,11.84,11.5,11576700,136690416.66,-0.51,-0.06,3.47,11.71
002457,2025-01-23 00:00:00,2025-01-23,12.03,11.84,12.64,11.84,37439800,461710921.2,1.63,0.19,11.23,11.65
002457,2025-01-24 00:00:00,2025-01-24,11.67,11.66,11.88,11.39,23026500,271154880.1,-1.52,-0.18,6.91,11.84
002457,2025-01-27 00:00:00,2025-01-27,11.87,11.83,12.05,11.78,15840400,191425815.68,1.46,0.17,4.75,11.66
002457,2025-02-05 00:00:00,2025-02-05,11.84,11.82,11.94,11.55,11624900,138471212.0,-0.08,-0.01,3.49,11.83
002457,2025-02-06 00:00:00,2025-02-06,11.82,11.9,11.91,11.63,12297600,147052627.0,0.68,0.08,3.69,11.82
002457,2025-02-07 00:00:00,2025-02-07,11.81,11.94,12.04,11.8,15528700,187832074.06,0.34,0.04,4.66,11.9
002457,2025-02-10 00:00:00,2025-02-10,11.94,12.02,12.03,11.89,11271700,136966268.13,0.67,0.08,3.38,11.94
002457,2025-02-11 00:00:00,2025-02-11,12.06,11.8,12.07,11.78,11951900,144049344.0,-1.83,-0.22,3.59,12.02
002457,2025-02-12 00:00:00,2025-02-12,11.92,12.0,12.18,11.9,14190300,172621295.4,1.69,0.2,4.26,11.8
002457,2025-02-13 00:00:00,2025-02-13,11.99,12.12,12.26,11.95,17787800,218826274.05,1.0,0.12,5.34,12.0
002457,2025-02-14 00:00:00,2025-02-14,12.01,11.82,12.06,11.78,13432700,161841801.57,-2.48,-0.3,4.03,12.12
002457,2025-02-17 00:00:00,2025-02-17,11.79,11.83,11.88,11.65,13312200,158806347.7,0.08,0.01,3.99,11.82
002457,2025-02-18 00:00:00,2025-02-18,11.83,11.5,11.85,11.44,10499100,124182513.0,-2.79,-0.33,3.15,11.83
002457,2025-02-19 00:00:00,2025-02-19,11.49,11.56,11.68,11.49,9134800,107271778.0,0.52,0.06,2.74,11.5
002457,2025-02-20 00:00:00,2025-02-20,11.53,11.55,11.61,11.44,7336800,85859405.0,-0.09,-0.01,2.2,11.56
002457,2025-02-21 00:00:00,2025-02-21,11.57,11.47,11.57,11.38,10847100,126149191.0,-0.69,-0.08,3.25,11.55
002457,2025-02-24 00:00:00,2025-02-24,11.66,11.82,11.93,11.66,16963300,203120251.0,3.05,0.35,5.09,11.47
002457,2025-02-25 00:00:00,2025-02-25,11.71,11.54,11.74,11.52,12345500,145513118.0,-2.37,-0.28,3.7,11.82
002457,2025-02-26 00:00:00,2025-02-26,11.62,11.63,11.72,11.49,8725700,102558150.0,0.78,0.09,2.62,11.54
002457,2025-02-27 00:00:00,2025-02-27,11.62,11.49,11.72,11.35,10199200,119147913.13,-1.2,-0.14,3.06,11.63
002457,2025-02-28 00:00:00,2025-02-28,11.41,11.24,11.47,11.21,9285800,106806272.0,-2.18,-0.25,2.79,11.49
002457,2025-03-03 00:00:00,2025-03-03,11.25,11.4,11.64,11.2,11913700,138777815.65,1.42,0.16,3.57,11.24
002457,2025-03-04 00:00:00,2025-03-04,11.34,11.59,11.6,11.31,6635500,77244752.0,1.67,0.19,1.99,11.4
002457,2025-03-05 00:00:00,2025-03-05,11.56,11.48,11.62,11.37,6315100,73336532.0,-0.95,-0.11,1.89,11.59
002457,2025-03-06 00:00:00,2025-03-06,11.48,11.56,11.62,11.43,8602600,100611586.79,0.7,0.08,2.58,11.48
002457,2025-03-07 00:00:00,2025-03-07,11.52,11.42,11.53,11.35,8490600,98622562.45,-1.21,-0.14,2.55,11.56
002457,2025-03-10 00:00:00,2025-03-10,11.52,11.71,11.79,11.46,16873200,199786280.29,2.54,0.29,5.06,11.42
002457,2025-03-11 00:00:00,2025-03-11,11.54,12.08,12.22,11.49,26229900,317176243.81,3.16,0.37,7.87,11.71
002457,2025-03-12 00:00:00,2025-03-12,12.09,11.95,12.13,11.94,15886100,193143074.9,-1.08,-0.13,4.77,12.08
002457,2025-03-13 00:00:00,2025-03-13,11.95,11.78,12.02,11.65,11455000,136842387.0,-1.42,-0.17,3.44,11.95
002457,2025-03-14 00:00:00,2025-03-14,11.78,11.86,11.91,11.68,10321500,123639383.89,0.68,0.08,3.1,11.78
002457,2025-03-17 00:00:00,2025-03-17,11.88,12.03,12.13,11.88,15207300,185621739.19,1.43,0.17,4.56,11.86
002457,2025-03-18 00:00:00,2025-03-18,12.08,12.05,12.25,11.96,11839900,144878780.0,0.17,0.02,3.55,12.03
002457,2025-03-19 00:00:00,2025-03-19,12.04,12.09,12.17,11.99,11449200,140223306.0,0.33,0.04,3.43,12.05
002457,2025-03-20 00:00:00,2025-03-20,12.09,12.09,12.2,12.05,10884300,133765968.0,0.0,0.0,3.27,12.09
002457,2025-03-21 00:00:00,2025-03-21,12.05,11.9,12.11,11.86,9783700,118734796.0,-1.57,-0.19,2.94,12.09
002457,2025-03-24 00:00:00,2025-03-24,11.88,11.75,11.97,11.5,10907300,129694411.61,-1.26,-0.15,3.27,11.9
002457,2025-03-25 00:00:00,2025-03-25,11.69,11.66,11.76,11.52,7500500,88589517.3,-0.77,-0.09,2.25,11.75
002457,2025-03-26 00:00:00,2025-03-26,11.66,12.23,12.42,11.63,23943100,293856190.92,4.89,0.57,7.18,11.66
002457,2025-03-27 00:00:00,2025-03-27,12.24,12.08,12.31,12.04,15920300,195527760.0,-1.23,-0.15,4.78,12.23
002457,2025-03-28 00:00:00,2025-03-28,12.05,11.95,12.09,11.84,10281500,124548760.18,-1.08,-0.13,3.08,12.08
002457,2025-03-31 00:00:00,2025-03-31,12.08,11.8,12.31,11.74,17062900,207469205.0,-1.26,-0.15,5.12,11.95
002457,2025-04-01 00:00:00,2025-04-01,11.92,11.9,12.02,11.82,11295700,136493279.98,0.85,0.1,3.39,11.8
002457,2025-04-02 00:00:00,2025-04-02,11.9,11.79,11.91,11.77,7334300,87936496.0,-0.92,-0.11,2.2,11.9
002457,2025-04-03 00:00:00,2025-04-03,11.63,11.89,11.98,11.58,10177400,122101952.0,0.85,0.1,3.05,11.79
002457,2025-04-07 00:00:00,2025-04-07,11.21,10.69,11.29,10.69,14112900,155066386.0,-10.09,-1.2,4.23,11.89
002457,2025-04-08 00:00:00,2025-04-08,10.34,11.21,11.74,10.32,25598100,285895787.5,4.86,0.52,7.68,10.69
002457,2025-04-09 00:00:00,2025-04-09,11.09,11.79,11.94,10.81,29209900,338044038.6,5.17,0.58,8.76,11.21
002457,2025-04-10 00:00:00,2025-04-10,11.64,11.82,12.0,11.64,22554800,271105635.6,0.25,0.03,6.77,11.79
002457,2025-04-11 00:00:00,2025-04-11,11.74,11.67,11.96,11.67,16568200,197979996.0,-1.27,-0.15,4.97,11.82
002457,2025-04-14 00:00:00,2025-04-14,11.77,11.95,12.09,11.7,17200100,207065905.0,2.4,0.28,5.16,11.67
002457,2025-04-15 00:00:00,2025-04-15,11.94,11.87,11.95,11.76,8820500,105917151.0,-0.67,-0.08,2.65,11.95
002457,2025-04-16 00:00:00,2025-04-16,11.79,11.56,11.84,11.44,11679500,137552616.25,-2.61,-0.31,3.5,11.87
002457,2025-04-17 00:00:00,2025-04-17,11.53,11.72,11.91,11.47,10763400,128109508.0,1.38,0.16,3.23,11.56
002457,2025-04-18 00:00:00,2025-04-18,11.67,12.06,12.14,11.67,20271600,245920234.2,2.9,0.34,6.08,11.72
002457,2025-04-21 00:00:00,2025-04-21,12.1,12.2,12.29,11.96,19941400,245999229.0,1.16,0.14,5.98,12.06
002457,2025-04-22 00:00:00,2025-04-22,12.12,12.53,12.59,12.1,30893700,388975859.88,2.7,0.33,9.27,12.2
002457,2025-04-23 00:00:00,2025-04-23,12.64,12.96,13.49,12.42,50655400,661844093.73,3.43,0.43,15.2,12.53
002457,2025-04-24 00:00:00,2025-04-24,12.34,11.68,12.34,11.65,48057200,581577025.52,-9.88,-1.28,14.42,12.96
002457,2025-04-25 00:00:00,2025-04-25,11.68,11.8,12.06,11.52,23374200,278332825.26,1.03,0.12,7.01,11.68
002457,2025-04-28 00:00:00,2025-04-28,11.71,10.99,11.71,10.99,24954900,283831225.52,-6.86,-0.81,7.49,11.8
002457,2025-04-29 00:00:00,2025-04-29,11.09,11.12,11.23,11.0,9550600,107741180.79,1.18,0.13,2.87,10.99
002457,2025-04-30 00:00:00,2025-04-30,11.1,10.94,11.16,10.92,11713200,130659766.2,-1.62,-0.18,3.51,11.12
002457,2025-05-06 00:00:00,2025-05-06,10.91,11.07,11.08,10.91,9635900,107815066.2,1.19,0.13,2.89,10.94
002457,2025-05-07 00:00:00,2025-05-07,11.17,11.25,11.29,11.11,13892400,157900692.0,1.63,0.18,4.17,11.07
002457,2025-05-08 00:00:00,2025-05-08,11.26,11.5,11.62,11.16,18292100,211093608.0,2.22,0.25,5.49,11.25
002457,2025-05-09 00:00:00,2025-05-09,11.57,11.34,11.68,11.3,14464700,167850388.92,-1.39,-0.16,4.34,11.5
002457,2025-05-12 00:00:00,2025-05-12,11.4,11.71,11.82,11.28,21690100,254296615.76,3.26,0.37,6.51,11.34
002457,2025-05-13 00:00:00,2025-05-13,11.64,11.49,11.68,11.44,14332300,167373533.8,-1.88,-0.22,4.3,11.71
002457,2025-05-14 00:00:00,2025-05-14,11.44,11.42,11.47,11.29,9023400,104044721.12,-0.61,-0.07,2.71,11.49
002457,2025-05-15 00:00:00,2025-05-15,11.39,11.6,11.77,11.23,17588800,204856617.0,1.58,0.18,5.28,11.42
002457,2025-05-16 00:00:00,2025-05-16,11.77,11.6,11.9,11.55,21954100,260504385.68,0.0,0.0,6.59,11.6
002457,2025-05-19 00:00:00,2025-05-19,11.43,11.47,11.58,11.39,12524800,145662994.0,-1.12,-0.13,3.76,11.6
002457,2025-05-20 00:00:00,2025-05-20,11.44,11.88,12.23,11.35,32318900,387384140.73,3.57,0.41,9.7,11.47
002457,2025-05-21 00:00:00,2025-05-21,11.76,11.68,11.96,11.68,17142400,204494713.68,-1.68,-0.2,5.14,11.88
002457,2025-05-22 00:00:00,2025-05-22,11.61,11.5,11.75,11.49,11563200,135876191.71,-1.54,-0.18,3.47,11.68
002457,2025-05-23 00:00:00,2025-05-23,11.63,11.64,11.81,11.5,17369700,203231318.0,1.22,0.14,5.21,11.5
002457,2025-05-26 00:00:00,2025-05-26,11.55,11.62,11.7,11.4,11278900,130508486.0,-0.17,-0.02,3.38,11.64
002457,2025-05-27 00:00:00,2025-05-27,11.64,11.91,11.93,11.59,22153700,263342742.94,2.5,0.29,6.65,11.62
002457,2025-05-28 00:00:00,2025-05-28,11.93,11.86,12.01,11.79,14437200,172255074.15,-0.42,-0.05,4.33,11.91
002457,2025-05-29 00:00:00,2025-05-29,11.78,11.89,11.94,11.76,13227800,157400126.23,0.25,0.03,3.97,11.86
002457,2025-05-30 00:00:00,2025-05-30,11.84,11.97,12.14,11.77,17471400,210111093.0,0.67,0.08,5.24,11.89
002457,2025-06-03 00:00:00,2025-06-03,11.85,11.97,12.04,11.81,12399000,148646709.99,0.0,0.0,3.72,11.97
002457,2025-06-04 00:00:00,2025-06-04,11.96,11.87,12.0,11.85,10279100,122539074.0,-0.84,-0.1,3.08,11.97
002457,2025-06-05 00:00:00,2025-06-05,11.92,11.84,11.97,11.78,10425600,124192673.0,-0.25,-0.03,3.13,11.87
002457,2025-06-06 00:00:00,2025-06-06,11.81,12.02,12.21,11.81,19209200,232038303.02,1.52,0.18,5.76,11.84
002457,2025-06-09 00:00:00,2025-06-09,12.11,12.32,12.41,12.04,21806300,267774765.11,2.5,0.3,6.54,12.02
002457,2025-06-10 00:00:00,2025-06-10,12.24,12.04,12.25,11.91,18330100,222279779.8,-2.27,-0.28,5.5,12.32
002457,2025-06-11 00:00:00,2025-06-11,12.05,12.09,12.25,11.94,12735300,154599844.9,0.42,0.05,3.82,12.04
002457,2025-06-12 00:00:00,2025-06-12,12.07,11.99,12.19,11.96,11192600,135104788.0,-0.83,-0.1,3.36,12.09
002457,2025-06-13 00:00:00,2025-06-13,11.9,11.86,12.12,11.81,11670700,139597592.56,-1.08,-0.13,3.5,11.99
002457,2025-06-16 00:00:00,2025-06-16,11.77,11.86,11.93,11.74,8606400,102330519.0,0.0,0.0,2.58,11.86
002457,2025-06-17 00:00:00,2025-06-17,11.86,11.9,12.11,11.69,13228700,157463020.91,0.34,0.04,3.97,11.86
002457,2025-06-18 00:00:00,2025-06-18,11.82,12.06,12.11,11.78,16544000,199008453.08,1.34,0.16,4.96,11.9
002457,2025-06-19 00:00:00,2025-06-19,12.13,12.09,12.37,11.98,30435300,372662165.06,0.25,0.03,9.13,12.06
002457,2025-06-20 00:00:00,2025-06-20,12.25,12.59,12.95,12.24,49684700,626936859.27,4.14,0.5,14.91,12.09
002457,2025-06-23 00:00:00,2025-06-23,12.31,12.39,12.49,12.2,29627200,367199087.4,-1.59,-0.2,8.89,12.59
002457,2025-06-24 00:00:00,2025-06-24,12.36,12.5,12.56,12.3,27494900,343086354.81,0.89,0.11,8.25,12.39
002457,2025-06-25 00:00:00,2025-06-25,12.59,12.52,12.86,12.45,28977400,366099391.26,0.16,0.02,8.69,12.5
002457,2025-06-26 00:00:00,2025-06-26,12.42,12.57,12.81,12.27,30575700,386824166.22,0.4,0.05,9.17,12.52
002457,2025-06-27 00:00:00,2025-06-27,12.79,12.58,13.43,12.56,49127900,637347087.0,0.08,0.01,14.74,12.57
002457,2025-06-30 00:00:00,2025-06-30,12.86,12.48,12.97,12.44,31147100,393643856.28,-0.79,-0.1,9.34,12.58
002457,2025-07-01 00:00:00,2025-07-01,12.36,12.35,12.43,12.17,24156200,297511921.9,-1.04,-0.13,7.25,12.48
002457,2025-07-02 00:00:00,2025-07-02,12.35,12.25,12.4,12.21,14728400,181570587.69,-0.81,-0.1,4.42,12.35
002457,2025-07-03 00:00:00,2025-07-03,12.3,12.73,12.95,12.3,41980000,534929669.5,3.92,0.48,12.59,12.25
002457,2025-07-04 00:00:00,2025-07-04,12.38,11.96,12.41,11.93,39391000,477618437.0,-6.05,-0.77,11.82,12.73
002457,2025-07-07 00:00:00,2025-07-07,11.9,12.02,12.15,11.79,13780900,165873527.8,0.5,0.06,4.13,11.96
002457,2025-07-08 00:00:00,2025-07-08,12.0,12.2,12.49,12.0,19948600,245800694.0,1.5,0.18,5.98,12.02
002457,2025-07-09 00:00:00,2025-07-09,12.2,12.09,12.44,12.06,17889900,219891117.26,-0.9,-0.11,5.37,12.2
002457,2025-07-10 00:00:00,2025-07-10,12.08,12.37,12.44,12.0,24017600,295772850.44,2.32,0.28,7.21,12.09
002457,2025-07-11 00:00:00,2025-07-11,12.39,12.18,12.44,12.07,18342600,224042265.99,-1.54,-0.19,5.5,12.37
002457,2025-07-14 00:00:00,2025-07-14,12.19,12.1,12.21,12.01,12162300,147441769.98,-0.66,-0.08,3.65,12.18
002457,2025-07-15 00:00:00,2025-07-15,11.87,11.64,11.88,11.49,30336100,354747606.42,-3.8,-0.46,9.1,12.1
002457,2025-07-16 00:00:00,2025-07-16,11.56,11.57,11.7,11.53,11960200,139173624.0,-0.6,-0.07,3.59,11.64
002457,2025-07-17 00:00:00,2025-07-17,11.57,11.51,11.6,11.47,11545200,133353298.0,-0.52,-0.06,3.46,11.57
002457,2025-07-18 00:00:00,2025-07-18,11.58,11.56,11.6,11.49,8391000,97097078.0,0.43,0.05,2.52,11.51
002457,2025-07-21 00:00:00,2025-07-21,12.06,12.72,12.72,12.06,74418400,934086033.31,10.03,1.16,22.33,11.56
002457,2025-07-22 00:00:00,2025-07-22,13.2,13.19,13.82,12.66,99940300,1321361857.21,3.69,0.47,29.98,12.72
002457,2025-07-23 00:00:00,2025-07-23,13.22,12.68,13.56,12.67,69690200,918567387.7,-3.87,-0.51,20.91,13.19
002457,2025-07-24 00:00:00,2025-07-24,12.5,12.58,12.8,12.37,45719300,576091924.57,-0.79,-0.1,13.72,12.68
002457,2025-07-25 00:00:00,2025-07-25,12.61,12.17,12.65,12.16,31956800,393983418.54,-3.26,-0.41,9.59,12.58
002457,2025-07-28 00:00:00,2025-07-28,12.4,12.54,12.83,12.26,37370300,468698239.08,3.04,0.37,11.21,12.17
002457,2025-07-29 00:00:00,2025-07-29,12.92,12.55,13.07,12.33,42675200,540581556.39,0.08,0.01,12.8,12.54
002457,2025-07-30 00:00:00,2025-07-30,12.48,12.89,13.14,12.32,55358100,706836575.09,2.71,0.34,16.61,12.55
002457,2025-07-31 00:00:00,2025-07-31,12.66,12.33,12.66,12.28,37040600,461714919.33,-4.34,-0.56,11.11,12.89
002457,2025-08-01 00:00:00,2025-08-01,12.28,12.11,12.34,12.06,19022800,231607824.84,-1.78,-0.22,5.71,12.33
002457,2025-08-04 00:00:00,2025-08-04,12.06,12.08,12.09,11.88,12839700,154340407.12,-0.25,-0.03,3.85,12.11
002457,2025-08-05 00:00:00,2025-08-05,12.11,12.17,12.17,12.02,14460300,175627301.09,0.75,0.09,4.34,12.08
002457,2025-08-06 00:00:00,2025-08-06,12.16,12.05,12.16,12.0,14462300,174779034.1,-0.99,-0.12,4.34,12.17
002457,2025-08-07 00:00:00,2025-08-07,12.03,12.06,12.11,11.92,14080800,169702677.69,0.08,0.01,4.22,12.05
002457,2025-08-08 00:00:00,2025-08-08,12.01,12.12,12.18,11.97,15533400,188609796.3,0.5,0.06,4.66,12.06
002457,2025-08-11 00:00:00,2025-08-11,12.16,12.12,12.2,12.07,13054900,158944881.73,0.0,0.0,3.92,12.12
002457,2025-08-12 00:00:00,2025-08-12,12.08,12.0,12.12,11.98,12318000,148474358.2,-0.99,-0.12,3.7,12.12
002457,2025-08-13 00:00:00,2025-08-13,11.99,12.0,12.03,11.92,11961300,143676950.96,0.0,0.0,3.59,12.0
002457,2025-08-14 00:00:00,2025-08-14,12.03,11.83,12.05,11.81,12250100,146412294.78,-1.42,-0.17,3.68,12.0
002457,2025-08-15 00:00:00,2025-08-15,11.8,11.87,11.9,11.77,9432700,112134125.86,0.34,0.04,2.83,11.83
002457,2025-08-18 00:00:00,2025-08-18,11.83,11.94,11.99,11.82,13231800,158233711.02,0.59,0.07,3.97,11.87
002457,2025-08-19 00:00:00,2025-08-19,11.91,11.9,11.96,11.84,10785700,128832091.56,-0.34,-0.04,3.24,11.94
002457,2025-08-20 00:00:00,2025-08-20,11.87,11.95,11.95,11.81,10361900,123453853.8,0.42,0.05,3.11,11.9
002457,2025-08-21 00:00:00,2025-08-21,11.96,12.23,12.31,11.95,31512500,385044669.21,2.34,0.28,9.45,11.95
002457,2025-08-22 00:00:00,2025-08-22,12.16,12.07,12.16,11.91,22737200,273802333.26,-1.31,-0.16,6.82,12.23
002457,2025-08-25 00:00:00,2025-08-25,12.03,12.05,12.11,11.97,16109900,194295719.55,-0.17,-0.02,4.83,12.07
002457,2025-08-26 00:00:00,2025-08-26,12.0,12.13,12.26,11.96,20244400,245865782.2,0.66,0.08,6.07,12.05
002457,2025-08-27 00:00:00,2025-08-27,12.11,11.87,12.11,11.85,17437000,209747718.54,-2.14,-0.26,5.23,12.13
002457,2025-08-28 00:00:00,2025-08-28,11.82,11.91,11.94,11.56,15847100,187410384.08,0.34,0.04,4.75,11.87
002457,2025-08-29 00:00:00,2025-08-29,11.83,11.69,11.83,11.67,12434000,146618842.72,-1.85,-0.22,3.73,11.91
002457,2025-09-01 00:00:00,2025-09-01,11.68,11.69,11.72,11.63,7265600,85096107.97,0.0,0.0,2.18,11.69
002457,2025-09-02 00:00:00,2025-09-02,11.69,11.57,11.73,11.49,9144400,106187505.34,-1.03,-0.12,2.74,11.69
002457,2025-09-03 00:00:00,2025-09-03,11.57,11.31,11.61,11.28,8673100,99454314.5,-2.25,-0.26,2.6,11.57
002457,2025-09-04 00:00:00,2025-09-04,11.34,11.37,11.44,11.27,6584800,75097743.28,0.53,0.06,1.98,11.31
002457,2025-09-05 00:00:00,2025-09-05,11.38,11.46,11.47,11.26,7040900,80492794.0,0.79,0.09,2.11,11.37
002457,2025-09-08 00:00:00,2025-09-08,11.47,11.66,11.7,11.46,8150500,94613736.59,1.75,0.2,2.45,11.46
002457,2025-09-09 00:00:00,2025-09-09,11.61,11.53,11.65,11.47,6247900,72388702.0,-1.11,-0.13,1.87,11.66
002457,2025-09-10 00:00:00,2025-09-10,11.53,11.49,11.56,11.47,4315700,49793862.14,-0.35,-0.04,1.29,11.53
002457,2025-09-11 00:00:00,2025-09-11,11.52,11.51,11.52,11.4,6651600,76416174.26,0.17,0.02,2.0,11.49
002457,2025-09-12 00:00:00,2025-09-12,11.54,11.55,11.59,11.5,6440100,74644357.5,0.35,0.04,1.93,11.51
002457,2025-09-15 00:00:00,2025-09-15,11.55,11.45,11.56,11.42,5297800,60895731.92,-0.87,-0.1,1.59,11.55
002457,2025-09-16 00:00:00,2025-09-16,11.43,11.39,11.46,11.34,5603000,64015165.45,-0.52,-0.06,1.68,11.45
002457,2025-09-17 00:00:00,2025-09-17,11.4,11.34,11.41,11.31,5446100,62034484.75,-0.44,-0.05,1.63,11.39
002457,2025-09-18 00:00:00,2025-09-18,11.34,11.39,11.6,11.29,10441500,119900969.4,0.44,0.05,3.13,11.34
002457,2025-09-19 00:00:00,2025-09-19,11.31,11.23,11.38,11.22,7104000,80433725.2,-1.4,-0.16,2.13,11.39
002457,2025-09-22 00:00:00,2025-09-22,11.23,11.5,11.54,11.16,12131600,138578047.56,2.4,0.27,3.64,11.23
002457,2025-09-23 00:00:00,2025-09-23,11.56,11.59,11.71,11.44,20906800,243618692.25,0.78,0.09,6.27,11.5
002457,2025-09-24 00:00:00,2025-09-24,11.69,11.51,11.7,11.33,13315200,153237504.81,-0.69,-0.08,3.99,11.59
002457,2025-09-25 00:00:00,2025-09-25,11.44,11.28,11.45,11.26,10080300,114627416.85,-2.0,-0.23,3.02,11.51
002457,2025-09-26 00:00:00,2025-09-26,11.23,11.15,11.26,11.11,7328500,82162311.4,-1.15,-0.13,2.2,11.28
002457,2025-09-29 00:00:00,2025-09-29,11.14,11.16,11.3,10.97,6966600,78017570.3,0.09,0.01,2.09,11.15
002457,2025-09-30 00:00:00,2025-09-30,11.14,11.07,11.19,11.06,6263900,69794934.5,-0.81,-0.09,1.88,11.16
002457,2025-10-09 00:00:00,2025-10-09,11.07,11.3,11.38,11.01,9453200,106393427.88,2.08,0.23,2.84,11.07
002457,2025-10-10 00:00:00,2025-10-10,11.26,11.3,11.34,11.18,5911200,66974862.74,0.0,0.0,1.77,11.3
002457,2025-10-13 00:00:00,2025-10-13,10.98,11.1,11.13,10.92,6062600,67327290.0,-1.77,-0.2,1.82,11.3
002457,2025-10-14 00:00:00,2025-10-14,11.14,11.02,11.19,11.01,5800300,64604559.8,-0.72,-0.08,1.74,11.1
002457,2025-10-15 00:00:00,2025-10-15,11.05,11.07,11.09,10.98,4611600,51137678.0,0.45,0.05,1.38,11.02
002457,2025-10-16 00:00:00,2025-10-16,11.03,11.12,11.31,11.0,7674900,85940344.18,0.45,0.05,2.3,11.07
002457,2025-10-17 00:00:00,2025-10-17,11.08,10.94,11.14,10.93,5160600,57036414.0,-1.62,-0.18,1.55,11.12
002457,2025-10-20 00:00:00,2025-10-20,10.98,11.09,11.1,10.92,5141700,56932919.0,1.37,0.15,1.54,10.94
002457,2025-10-21 00:00:00,2025-10-21,11.03,11.14,11.16,11.03,4327400,48333014.9,0.45,0.05,1.3,11.09
002457,2025-10-22 00:00:00,2025-10-22,11.15,11.2,11.33,11.1,7176100,81049604.27,0.54,0.06,2.15,11.14
002457,2025-10-23 00:00:00,2025-10-23,11.14,11.12,11.19,11.02,4569800,50846809.24,-0.71,-0.08,1.37,11.2
002457,2025-10-24 00:00:00,2025-10-24,11.14,12.24,12.24,11.13,62840300,757438037.88,10.07,1.12,18.85,11.12
002457,2025-10-27 00:00:00,2025-10-27,12.26,12.17,12.71,12.15,83793600,1043487134.8,-0.57,-0.07,25.14,12.24
002457,2025-10-28 00:00:00,2025-10-28,12.06,12.24,12.56,11.93,52195800,638850461.09,0.58,0.07,15.66,12.17
002457,2025-10-29 00:00:00,2025-10-29,12.16,11.85,12.22,11.8,36129500,431617079.3,-3.19,-0.39,10.84,12.24
002457,2025-10-30 00:00:00,2025-10-30,11.84,11.59,11.89,11.59,24031900,282469207.63,-2.19,-0.26,7.21,11.85
002457,2025-10-31 00:00:00,2025-10-31,11.56,11.59,11.71,11.48,17837500,207836688.9,0.0,0.0,5.35,11.59
002457,2025-11-03 00:00:00,2025-11-03,11.62,11.76,11.81,11.53,21174700,249168268.08,1.47,0.17,6.35,11.59
002457,2025-11-04 00:00:00,2025-11-04,11.76,11.86,11.97,11.72,23028300,273942547.52,0.85,0.1,6.91,11.76
002457,2025-11-05 00:00:00,2025-11-05,11.74,11.86,11.88,11.6,16639100,196652478.0,0.0,0.0,4.99,11.86
002457,2025-11-06 00:00:00,2025-11-06,11.81,11.89,11.9,11.66,16464800,194649774.08,0.25,0.03,4.94,11.86
002457,2025-11-07 00:00:00,2025-11-07,11.81,11.81,11.94,11.73,14018200,166058885.8,-0.67,-0.08,4.21,11.89
002457,2025-11-10 00:00:00,2025-11-10,11.83,11.85,11.86,11.69,11945900,140920587.18,0.34,0.04,3.58,11.81
002457,2025-11-11 00:00:00,2025-11-11,11.89,11.99,12.08,11.77,20231200,242008800.02,1.18,0.14,6.07,11.85
002457,2025-11-12 00:00:00,2025-11-12,11.95,11.78,11.98,11.73,13284900,156824849.1,-1.75,-0.21,3.99,11.99
002457,2025-11-13 00:00:00,2025-11-13,11.71,11.75,11.84,11.6,12641100,148568701.0,-0.25,-0.03,3.79,11.78
002457,2025-11-14 00:00:00,2025-11-14,11.7,11.88,11.95,11.66,13534500,160244711.88,1.11,0.13,4.06,11.75
002457,2025-11-17 00:00:00,2025-11-17,11.83,11.9,11.98,11.79,11504100,136908632.0,0.17,0.02,3.45,11.88
002457,2025-11-18 00:00:00,2025-11-18,11.85,11.46,11.89,11.41,17075500,197683826.0,-3.7,-0.44,5.12,11.9
002457,2025-11-19 00:00:00,2025-11-19,11.4,11.25,11.45,11.17,11412900,128439461.76,-1.83,-0.21,3.42,11.46
002457,2025-11-20 00:00:00,2025-11-20,11.3,11.29,11.39,11.19,7577300,85625878.92,0.36,0.04,2.27,11.25
002457,2025-11-21 00:00:00,2025-11-21,11.35,11.15,11.62,11.14,15907500,180902568.13,-1.24,-0.14,4.77,11.29
002457,2025-11-24 00:00:00,2025-11-24,11.15,11.16,11.26,10.98,11260400,124997597.74,0.09,0.01,3.38,11.15
002457,2025-11-25 00:00:00,2025-11-25,11.17,11.22,11.32,11.11,9111600,102493198.0,0.54,0.06,2.73,11.16
002457,2025-11-26 00:00:00,2025-11-26,11.22,11.04,11.29,11.02,7854600,87436022.0,-1.6,-0.18,2.36,11.22
002457,2025-11-27 00:00:00,2025-11-27,11.02,11.0,11.09,10.97,5871700,64801980.0,-0.36,-0.04,1.76,11.04
002457,2025-11-28 00:00:00,2025-11-28,10.98,11.13,11.14,10.98,5428500,60140997.0,1.18,0.13,1.63,11.0
002457,2025-12-01 00:00:00,2025-12-01,11.15,11.13,11.18,11.11,5127900,57086247.0,0.0,0.0,1.54,11.13
002457,2025-12-02 00:00:00,2025-12-02,11.11,11.07,11.12,11.01,4809500,53230955.09,-0.54,-0.06,1.44,11.13
002457,2025-12-03 00:00:00,2025-12-03,11.02,11.29,11.48,10.91,16455900,184019445.81,1.99,0.22,4.94,11.07
002457,2025-12-04 00:00:00,2025-12-04,11.19,11.07,11.22,11.06,7711700,85707507.17,-1.95,-0.22,2.31,11.29
002457,2025-12-05 00:00:00,2025-12-05,11.01,11.1,11.11,10.95,5329400,58793860.7,0.27,0.03,1.6,11.07
002457,2025-12-08 00:00:00,2025-12-08,11.13,11.08,11.15,11.05,5888100,65302932.0,-0.18,-0.02,1.77,11.1
002457,2025-12-09 00:00:00,2025-12-09,11.07,10.96,11.07,10.96,5436700,59821857.0,-1.08,-0.12,1.63,11.08
002457,2025-12-10 00:00:00,2025-12-10,10.95,10.98,10.99,10.92,3855300,42246516.02,0.18,0.02,1.16,10.96
002457,2025-12-11 00:00:00,2025-12-11,11.0,10.82,11.01,10.81,5561400,60727125.56,-1.46,-0.16,1.67,10.98
002457,2025-12-12 00:00:00,2025-12-12,10.83,10.69,10.85,10.66,5838000,62728587.19,-1.2,-0.13,1.75,10.82
002457,2025-12-15 00:00:00,2025-12-15,10.63,10.66,10.74,10.57,3904500,41589988.0,-0.28,-0.03,1.17,10.69
002457,2025-12-16 00:00:00,2025-12-16,10.63,10.45,10.63,10.45,5377000,56556972.04,-1.97,-0.21,1.61,10.66
002457,2025-12-17 00:00:00,2025-12-17,10.45,10.56,10.56,10.44,3880300,40803997.0,1.05,0.11,1.16,10.45
002457,2025-12-18 00:00:00,2025-12-18,10.51,10.54,10.64,10.5,3276800,34681738.0,-0.19,-0.02,0.98,10.56
002457,2025-12-19 00:00:00,2025-12-19,10.54,10.68,10.75,10.54,3940700,42052371.0,1.33,0.14,1.18,10.54
002457,2025-12-22 00:00:00,2025-12-22,10.68,10.65,10.73,10.62,3866000,41227462.76,-0.28,-0.03,1.16,10.68
002457,2025-12-23 00:00:00,2025-12-23,10.65,10.73,10.85,10.61,6158300,66136492.41,0.75,0.08,1.85,10.65
002457,2025-12-24 00:00:00,2025-12-24,10.68,10.73,10.76,10.67,3754800,40237011.0,0.0,0.0,1.13,10.73
002457,2025-12-25 00:00:00,2025-12-25,10.73,10.73,10.74,10.68,3388200,36296630.0,0.0,0.0,1.02,10.73
002457,2025-12-26 00:00:00,2025-12-26,10.75,10.7,10.75,10.66,4364500,46703606.0,-0.28,-0.03,1.31,10.73
002457,2025-12-29 00:00:00,2025-12-29,10.68,10.65,10.75,10.62,3627300,38650771.0,-0.47,-0.05,1.09,10.7
002457,2025-12-30 00:00:00,2025-12-30,10.65,10.65,10.73,10.61,3195500,34064871.64,0.0,0.0,0.96,10.65
002457,2025-12-31 00:00:00,2025-12-31,10.7,10.93,11.44,10.56,16095100,177210823.8,2.63,0.28,4.83,10.65
002457,2026-01-05 00:00:00,2026-01-05,10.85,10.97,11.0,10.78,10047700,109787094.86,0.37,0.04,3.01,10.93
002457,2026-01-06 00:00:00,2026-01-06,10.96,10.99,11.03,10.91,7485600,82202607.44,0.18,0.02,2.25,10.97
002457,2026-01-07 00:00:00,2026-01-07,11.03,11.19,11.29,10.97,14365600,160304130.71,1.82,0.2,4.31,10.99
002457,2026-01-08 00:00:00,2026-01-08,11.43,11.6,11.91,11.21,26962500,309461698.45,3.66,0.41,8.09,11.19
002457,2026-01-09 00:00:00,2026-01-09,11.55,11.36,11.65,11.33,18728600,214536248.47,-2.07,-0.24,5.62,11.6
002457,2026-01-12 00:00:00,2026-01-12,11.23,11.23,11.28,11.12,16050900,179466284.07,-1.14,-0.13,4.82,11.36
002457,2026-01-13 00:00:00,2026-01-13,11.22,11.45,11.54,11.1,19304200,219141982.57,1.96,0.22,5.79,11.23
002457,2026-01-14 00:00:00,2026-01-14,11.36,11.4,11.5,11.26,13777500,156560400.61,-0.44,-0.05,4.13,11.45
002457,2026-01-15 00:00:00,2026-01-15,11.3,11.28,11.45,11.28,6867700,77842551.24,-1.05,-0.12,2.06,11.4
002457,2026-01-16 00:00:00,2026-01-16,11.28,11.38,11.48,11.25,9031400,102679696.31,0.89,0.1,2.71,11.28
002457,2026-01-19 00:00:00,2026-01-19,11.38,11.49,11.55,11.36,10471600,120061875.0,0.97,0.11,3.14,11.38
002457,2026-01-20 00:00:00,2026-01-20,11.52,11.65,11.68,11.43,15799700,182912988.1,1.39,0.16,4.74,11.49
002457,2026-01-21 00:00:00,2026-01-21,11.58,11.37,11.58,11.32,11884500,135533820.0,-2.4,-0.28,3.57,11.65
002457,2026-01-22 00:00:00,2026-01-22,11.38,11.4,11.44,11.32,7192800,81792199.9,0.26,0.03,2.16,11.37
002457,2026-01-23 00:00:00,2026-01-23,11.4,11.55,11.58,11.33,12493800,143326236.4,1.32,0.15,3.75,11.4
002457,2026-01-26 00:00:00,2026-01-26,11.5,11.8,11.95,11.36,26662200,310826759.38,2.16,0.25,8.0,11.55
002457,2026-01-27 00:00:00,2026-01-27,11.71,11.8,12.11,11.7,23130500,276055452.79,0.0,0.0,6.94,11.8
002457,2026-01-28 00:00:00,2026-01-28,11.8,12.1,12.32,11.7,30460600,368590885.21,2.54,0.3,9.14,11.8
002457,2026-01-29 00:00:00,2026-01-29,12.03,11.94,12.53,11.92,33569100,409076892.32,-1.32,-0.16,10.07,12.1
002457,2026-01-30 00:00:00,2026-01-30,11.94,12.48,12.64,11.91,36230700,443685774.83,4.52,0.54,10.87,11.94
002457,2026-02-02 00:00:00,2026-02-02,12.31,12.31,12.63,12.3,24614200,306963158.3,-1.36,-0.17,7.39,12.48
002457,2026-02-03 00:00:00,2026-02-03,12.48,12.5,12.88,12.38,23973500,301455640.15,1.54,0.19,7.19,12.31
002457,2026-02-04 00:00:00,2026-02-04,12.42,12.64,12.81,12.41,19375300,245224437.0,1.12,0.14,5.81,12.5
002457,2026-02-05 00:00:00,2026-02-05,12.54,12.53,12.82,12.5,15278400,192976621.71,-0.87,-0.11,4.58,12.64
002457,2026-02-06 00:00:00,2026-02-06,12.42,12.85,12.93,12.41,21697400,275916413.86,2.55,0.32,6.51,12.53
002457,2026-02-09 00:00:00,2026-02-09,12.86,13.07,13.2,12.86,19419500,252659109.37,1.71,0.22,5.83,12.85
002457,2026-02-10 00:00:00,2026-02-10,13.01,12.84,13.15,12.84,17331700,225043427.5,-1.76,-0.23,5.2,13.07
002457,2026-02-11 00:00:00,2026-02-11,12.81,12.9,13.23,12.78,13698000,177976626.2,0.47,0.06,4.11,12.84
002457,2026-02-12 00:00:00,2026-02-12,12.91,12.6,13.0,12.56,18539400,235748936.76,-2.33,-0.3,5.56,12.9
002457,2026-02-13 00:00:00,2026-02-13,12.59,12.45,12.7,12.44,14861200,186521531.44,-1.19,-0.15,4.46,12.6
002457,2026-02-24 00:00:00,2026-02-24,12.62,13.7,13.7,12.46,36172300,478619996.6,10.04,1.25,10.85,12.45
002457,2026-02-25 00:00:00,2026-02-25,13.65,14.06,14.25,13.43,52238500,726100777.5,2.63,0.36,15.67,13.7
002457,2026-02-26 00:00:00,2026-02-26,13.99,14.76,15.04,13.99,44619400,655869026.46,4.98,0.7,13.39,14.06
002457,2026-02-27 00:00:00,2026-02-27,14.74,14.72,14.96,14.52,23291700,343199138.62,-0.27,-0.04,6.99,14.76
002457,2026-03-02 00:00:00,2026-03-02,14.62,13.96,14.65,13.7,32227000,452086011.85,-5.16,-0.76,9.67,14.72
002457,2026-03-03 00:00:00,2026-03-03,14.07,13.35,14.29,13.3,25806100,353372724.16,-4.37,-0.61,7.74,13.96
002457,2026-03-04 00:00:00,2026-03-04,13.21,13.82,14.04,13.12,22716000,311350090.65,3.52,0.47,6.82,13.35
002457,2026-03-05 00:00:00,2026-03-05,13.9,13.64,13.95,13.56,12638600,173613508.77,-1.3,-0.18,3.79,13.82
002457,2026-03-06 00:00:00,2026-03-06,13.55,13.58,13.71,13.43,11331400,153765148.0,-0.44,-0.06,3.4,13.64
002457,2026-03-09 00:00:00,2026-03-09,13.46,13.63,13.9,13.41,14799300,201019445.0,0.37,0.05,4.44,13.58
002457,2026-03-10 00:00:00,2026-03-10,13.63,13.46,13.71,13.29,21530000,289639057.0,-1.25,-0.17,6.46,13.63
002457,2026-03-11 00:00:00,2026-03-11,13.52,12.89,13.64,12.78,27003800,352767381.92,-4.23,-0.57,8.1,13.46
002457,2026-03-12 00:00:00,2026-03-12,12.87,12.13,12.9,12.08,31376000,385588988.29,-5.9,-0.76,9.41,12.89
002457,2026-03-13 00:00:00,2026-03-13,12.08,12.24,12.57,12.08,23557500,291601220.5,0.91,0.11,7.07,12.13
002457,2026-03-16 00:00:00,2026-03-16,12.23,11.91,12.35,11.84,17314300,207703097.28,-2.7,-0.33,5.2,12.24
002457,2026-03-17 00:00:00,2026-03-17,11.94,11.92,12.23,11.9,14581300,175618338.0,0.08,0.01,4.38,11.91
002457,2026-03-18 00:00:00,2026-03-18,11.92,12.13,12.44,11.92,17826200,217553402.98,1.76,0.21,5.35,11.92
002457,2026-03-19 00:00:00,2026-03-19,12.01,11.54,12.02,11.48,16496800,193051785.69,-4.86,-0.59,4.95,12.13
002457,2026-03-20 00:00:00,2026-03-20,11.6,11.31,11.68,11.29,11634600,133260658.0,-1.99,-0.23,3.49,11.54
002457,2026-03-23 00:00:00,2026-03-23,11.05,10.61,11.05,10.53,18845300,203353449.0,-6.19,-0.7,5.65,11.31
002457,2026-03-24 00:00:00,2026-03-24,10.84,11.02,11.07,10.62,15018700,162814738.99,3.86,0.41,4.51,10.61
002457,2026-03-25 00:00:00,2026-03-25,11.01,11.09,11.19,11.0,12967600,143984756.82,0.64,0.07,3.89,11.02
002457,2026-03-26 00:00:00,2026-03-26,11.11,10.92,11.21,10.87,8970000,98617879.0,-1.53,-0.17,2.69,11.09
002457,2026-03-27 00:00:00,2026-03-27,10.8,11.0,11.02,10.75,7401200,81041279.0,0.73,0.08,2.22,10.92
002457,2026-03-30 00:00:00,2026-03-30,10.82,11.07,11.07,10.77,7243400,79300505.0,0.64,0.07,2.17,11.0
002457,2026-03-31 00:00:00,2026-03-31,11.09,10.85,11.13,10.84,7257200,79684616.0,-1.99,-0.22,2.18,11.07
002457,2026-04-01 00:00:00,2026-04-01,11.05,10.99,11.12,10.91,6146800,67459886.0,1.29,0.14,1.84,10.85
002457,2026-04-02 00:00:00,2026-04-02,10.99,10.84,10.99,10.76,5438600,59025729.48,-1.36,-0.15,1.63,10.99
002457,2026-04-03 00:00:00,2026-04-03,10.84,10.48,10.85,10.44,8576200,90623343.99,-3.32,-0.36,2.57,10.84
002457,2026-04-07 00:00:00,2026-04-07,10.48,10.72,10.76,10.48,6904100,73650062.0,2.29,0.24,2.07,10.48
002457,2026-04-08 00:00:00,2026-04-08,10.88,11.01,11.01,10.85,7257300,79472982.0,2.71,0.29,2.18,10.72
002457,2026-04-09 00:00:00,2026-04-09,10.91,10.87,10.98,10.79,6374500,69244335.2,-1.27,-0.14,1.91,11.01
002457,2026-04-10 00:00:00,2026-04-10,10.99,11.03,11.25,10.98,10577700,117214000.06,1.47,0.16,3.17,10.87
002457,2026-04-13 00:00:00,2026-04-13,10.92,11.01,11.03,10.88,7004700,76710348.0,-0.18,-0.02,2.1,11.03
002457,2026-04-14 00:00:00,2026-04-14,11.09,10.9,11.11,10.75,13085600,141812256.42,-1.0,-0.11,3.93,11.01
002457,2026-04-15 00:00:00,2026-04-15,10.91,11.01,11.12,10.78,16505400,180726691.92,1.01,0.11,4.95,10.9
002457,2026-04-16 00:00:00,2026-04-16,11.01,11.2,11.2,10.91,14641200,162369003.56,1.73,0.19,4.39,11.01
002457,2026-04-17 00:00:00,2026-04-17,11.31,11.17,11.4,11.05,13376700,149413321.99,-0.27,-0.03,4.01,11.2
002457,2026-04-20 00:00:00,2026-04-20,11.3,11.52,11.82,11.3,32206700,372093950.0,3.13,0.35,9.66,11.17
002457,2026-04-21 00:00:00,2026-04-21,11.52,11.36,11.52,11.32,17129400,195366519.16,-1.39,-0.16,5.14,11.52
002457,2026-04-22 00:00:00,2026-04-22,11.3,11.27,11.36,11.14,14310100,160751852.8,-0.79,-0.09,4.29,11.36
002457,2026-04-23 00:00:00,2026-04-23,11.26,11.11,11.27,11.06,11036000,122701941.98,-1.42,-0.16,3.31,11.27
002457,2026-04-24 00:00:00,2026-04-24,10.91,10.7,10.98,10.53,20974000,223414853.0,-3.69,-0.41,6.29,11.11
002457,2026-04-27 00:00:00,2026-04-27,10.66,11.0,11.06,10.53,16159600,174944862.0,2.8,0.3,4.85,10.7
002457,2026-04-28 00:00:00,2026-04-28,10.98,11.37,11.95,10.86,30899500,351563178.93,3.36,0.37,9.27,11.0
002457,2026-04-29 00:00:00,2026-04-29,11.72,11.8,12.34,11.48,44235500,528964775.22,3.78,0.43,13.27,11.37
