index_code,stock_code,short_name
399101,002522,浙江众成
399101,002081,金 螳 螂
399101,002786,银宝山新
399101,002174,游族网络
399101,002627,三峡旅游
399101,002867,周大生
399101,002111,威海广泰
399101,002956,西麦食品
399101,002969,嘉美包装
399101,002805,丰元股份
399101,002832,比音勒芬
399101,002037,保利联合
399101,002192,融捷股份
399101,002498,汉缆股份
399101,002568,百润股份
399101,002645,华宏科技
399101,002655,共达电声
399101,002756,永兴材料
399101,002842,翔鹭钨业
399101,002847,盐津铺子
399101,002851,麦格米特
399101,002875,安奈儿
399101,002903,宇环数控
399101,002378,章源钨业
399101,002497,雅化集团
399101,002709,天赐材料
399101,002176,江特电机
399101,002354,天娱数科
399101,002818,富森美
399101,002079,苏州固锝
399101,002210,飞马国际
399101,002348,高乐股份
399101,002548,金新农
399101,002652,扬子新材
399101,002520,日发精机
399101,002738,中矿资源
399101,002780,三夫户外
399101,002136,安 纳 达
399101,002812,恩捷股份
399101,002394,联发股份
399101,002237,恒邦股份
399101,002115,三维通信
399101,002080,中材科技
399101,002755,奥赛康
399101,002948,青岛银行
399101,002340,格林美
399101,002240,盛新锂能
399101,002667,威领股份
399101,002086,东方海洋
399101,002960,青鸟智控
399101,002259,升达林业
399101,002043,兔 宝 宝
399101,002407,多氟多
399101,002067,景兴纸业
399101,002759,天际股份
399101,002157,正邦科技
399101,003026,中晶科技
399101,002563,森马服饰
399101,002297,博云新材
399101,002125,湘潭电化
399101,002283,天润工业
399101,002090,金智科技
399101,002857,三晖电气
399101,002145,钛能化学
399101,002150,正泰电源
399101,002444,巨星科技
399101,002865,钧达股份
399101,002460,赣锋锂业
399101,002310,东方新能
399101,002248,华东数控
399101,002291,遥望科技
399101,002266,浙富控股
399101,002146,荣盛发展
399101,002309,中利集团
399101,002273,水晶光电
399101,002246,北化股份
399101,002318,久立特材
399101,002517,恺英网络
399101,002801,微光股份
399101,002422,科伦药业
399101,002622,皓宸医疗
399101,002607,中公教育
399101,002078,太阳纸业
399101,002193,如意集团
399101,002132,恒星科技
399101,002374,中锐股份
399101,002140,东华科技
399101,002512,ST达华
399101,002027,分众传媒
399101,002225,濮耐股份
399101,002227,*ST特迅
399101,002199,*ST东晶
399101,002068,黑猫股份
399101,002872,ST天圣
399101,002289,*ST宇顺
399101,002921,联诚精密
399101,002634,*ST棒杰
399101,002135,东南网架
399101,002852,道道全
399101,002345,潮宏基
399101,002927,泰永长征
399101,002820,桂发祥
399101,002785,万里石
399101,002386,天原股份
399101,002203,海亮股份
399101,002358,森源电气
399101,002493,荣盛石化
399101,002077,大港股份
399101,002993,奥海科技
399101,002727,一心堂
399101,002963,豪尔赛
399101,002798,帝欧水华
399101,002887,绿茵生态
399101,002209,达 意 隆
399101,002858,力盛体育
399101,002398,垒知集团
399101,002388,新亚制程
399101,002883,中设股份
399101,002181,粤 传 媒
399101,002221,东华能源
399101,002558,巨人网络
399101,002995,天地在线
399101,002531,天顺风能
399101,002591,恒大高新
399101,002390,信邦制药
399101,002105,信隆健康
399101,002795,永和智控
399101,002155,湖南黄金
399101,002716,湖南白银
399101,002466,天齐锂业
399101,002083,孚日股份
399101,002594,比亚迪
399101,002167,东方锆业
399101,002840,华统股份
399101,002009,天奇股份
399101,002277,友阿股份
399101,002392,北京利尔
399101,002418,康盛股份
399101,002631,德尔未来
399101,002986,宇新股份
399101,002771,真视通
399101,002316,亚联发展
399101,002457,青龙管业
399101,003023,彩虹集团
399101,002056,横店东磁
399101,003006,百亚股份
399101,002690,美亚光电
399101,002518,科士达
399101,002838,道恩股份
399101,002787,华源控股
399101,002330,得利斯
399101,002910,庄园牧场
399101,002148,北纬科技
399101,002238,天威视讯
399101,002114,罗平锌电
399101,002560,通达股份
399101,002372,伟星新材
399101,002217,合力泰
399101,002532,天山铝业
399101,002109,兴化股份
399101,002312,川发龙蟒
399101,002337,赛象科技
399101,002380,科远智慧
399101,002057,中钢天源
399101,002342,巨力索具
399101,002213,大为股份
399101,002400,省广集团
399101,002935,天奥电子
399101,002269,美邦服饰
399101,002782,可立克
399101,002121,科陆电子
399101,002567,唐人神
399101,002584,西陇科学
399101,002197,证通电子
399101,002373,千方科技
399101,002441,众业达
399101,002806,华锋股份
399101,002033,丽江股份
399101,002535,林州重机
399101,003038,鑫铂股份
399101,002674,兴业科技
399101,002160,常铝股份
399101,002919,名臣健康
399101,002682,龙洲股份
399101,002595,豪迈科技
399101,002758,浙农股份
399101,002947,恒铭达
399101,002729,好利科技
399101,002011,盾安环境
399101,002133,广宇集团
399101,002495,佳隆股份
399101,002513,蓝丰生化
399101,002453,华软科技
399101,002188,中天服务
399101,002126,银轮股份
399101,002264,新 华 都
399101,002445,中南文化
399101,002458,益生股份
399101,002494,华斯股份
399101,003010,若羽臣
399101,002095,生 意 宝
399101,002235,安妮股份
399101,002529,*ST海源
399101,002573,清新环境
399101,002368,太极股份
399101,002211,ST宏达
399101,002596,海南瑞泽
399101,002245,蔚蓝锂芯
399101,002470,金正大
399101,002890,弘宇股份
399101,003003,天元股份
399101,002640,跨境通
399101,002486,嘉麟杰
399101,003030,祖名股份
399101,002485,ST雪发
399101,003036,泰坦股份
399101,002510,天汽模
399101,002530,金财互联
399101,002215,诺 普 信
399101,002303,美盈森
399101,002823,凯中精密
399101,002762,*ST金比
399101,002124,天邦食品
399101,002578,闽发铝业
399101,002183,怡 亚 通
399101,002714,牧原股份
399101,002807,江阴银行
399101,002635,安洁科技
399101,002678,珠江钢琴
399101,002363,隆基机械
399101,002343,慈文传媒
399101,002991,甘源食品
399101,002249,大洋电机
399101,002835,同为股份
399101,002909,集泰股份
399101,002355,兴民智通
399101,002590,万安科技
399101,002811,郑中设计
399101,002864,盘龙药业
399101,002572,索菲亚
399101,002656,*ST摩登
399101,002688,金河生物
399101,002863,今飞凯达
399101,002401,中远海科
399101,002796,世嘉科技
399101,002296,辉煌科技
399101,002659,凯文教育
399101,002671,龙泉股份
399101,002611,东方精工
399101,002997,瑞鹄模具
399101,002329,皇氏集团
399101,002425,凯撒文化
399101,002791,坚朗五金
399101,002946,新乳业
399101,002570,贝因美
399101,002247,聚力文化
399101,002761,浙江建投
399101,002831,裕同科技
399101,002853,皮阿诺
399101,002888,惠威科技
399101,002663,普邦股份
399101,002149,西部材料
399101,002527,新时达
399101,002978,安宁股份
399101,002599,盛通股份
399101,002205,国统股份
399101,002817,黄山胶囊
399101,002905,金逸影视
399101,002609,捷顺科技
399101,002877,智能自控
399101,002885,京泉华
399101,002234,民和股份
399101,002972,科安达
399101,002679,福建金森
399101,002737,葵花药业
399101,002128,电投能源
399101,002347,泰尔股份
399101,002730,电光科技
399101,002958,青农商行
399101,002836,新宏泽
399101,002024,ST易购
399101,002108,沧州明珠
399101,002091,江苏国泰
399101,002395,双象股份
399101,002552,宝鼎科技
399101,002617,露笑科技
399101,002962,五方光电
399101,002542,*ST中岩
399101,002661,克明食品
399101,002481,双塔食品
399101,002292,奥飞娱乐
399101,002546,新联电子
399101,002702,海欣食品
399101,002420,毅昌科技
399101,002723,小崧股份
399101,002891,中宠股份
399101,002096,易普力
399101,002298,中电鑫龙
399101,002421,达实智能
399101,002353,杰瑞股份
399101,002712,思美传媒
399101,002760,凤形股份
399101,002766,索菱股份
399101,002103,广博股份
399101,002545,东方铁塔
399101,002577,雷柏科技
399101,002605,姚记科技
399101,002276,万马股份
399101,002172,澳洋健康
399101,002389,航天彩虹
399101,003008,开普检测
399101,002179,中航光电
399101,002228,合兴包装
399101,002467,二六三
399101,002524,光正眼科
399101,002315,焦点科技
399101,002151,北斗星通
399101,002170,芭田股份
399101,002587,奥拓电子
399101,002721,金一文化
399101,002275,桂林三金
399101,002537,海联金汇
399101,002569,*ST步森
399101,002906,华阳集团
399101,002539,云图控股
399101,002613,北玻股份
399101,002701,奥瑞金
399101,002747,埃斯顿
399101,002177,御银股份
399101,002660,茂硕电源
399101,002775,文科股份
399101,003029,吉大正元
399101,002533,金杯电工
399101,002773,康弘药业
399101,002998,优彩资源
399101,002561,徐家汇
399101,002416,爱施德
399101,002302,西部建设
399101,002666,德联集团
399101,002232,启明信息
399101,002050,三花智控
399101,002137,实益达
399101,002979,雷赛智能
399101,002100,天康生物
399101,002722,物产金轮
399101,002153,石基信息
399101,002263,大东南
399101,002405,四维图新
399101,002471,中超控股
399101,002006,精工科技
399101,002556,辉隆股份
399101,002895,川恒股份
399101,002049,紫光国微
399101,002123,梦网科技
399101,002196,方正电机
399101,002299,圣农发展
399101,002051,中工国际
399101,002321,华英农业
399101,002884,凌霄泵业
399101,002459,晶澳科技
399101,002186,全 聚 德
399101,002576,通达动力
399101,002026,山东威达
399101,002243,力合科创
399101,002553,南方精工
399101,002104,恒宝股份
399101,002968,新大正
399101,002882,金龙羽
399101,002566,益盛药业
399101,002982,湘佳股份
399101,002295,精艺股份
399101,002404,嘉欣丝绸
399101,002041,登海种业
399101,002861,瀛通通讯
399101,002208,合肥城建
399101,002555,三七互娱
399101,002557,洽洽食品
399101,002574,明牌珠宝
399101,002908,德生科技
399101,003016,欣贺股份
399101,002451,摩恩电气
399101,002461,珠江啤酒
399101,003017,大洋生物
399101,002763,汇洁股份
399101,002076,*ST星光
399101,002365,永安药业
399101,002544,普天科技
399101,002554,惠博普
399101,002705,新宝股份
399101,002873,新天药业
399101,002658,雪迪龙
399101,002244,滨江集团
399101,002837,英维克
399101,002311,海大集团
399101,002601,龙佰集团
399101,002915,中欣氟材
399101,002106,莱宝高科
399101,002251,步步高
399101,002335,科华数据
399101,002732,燕塘乳业
399101,002482,广田集团
399101,002681,奋达科技
399101,002010,传化智联
399101,002943,宇晶股份
399101,002809,红墙股份
399101,002829,星网宇达
399101,002859,洁美科技
399101,002094,青岛金王
399101,002022,科华生物
399101,002629,仁智股份
399101,002279,久其软件
399101,002783,凯龙股份
399101,002936,郑州银行
399101,002985,北摩高科
399101,002053,云南能投
399101,002169,智光电气
399101,002474,榕基软件
399101,003033,征和工业
399101,003021,兆威机电
399101,002282,博深股份
399101,002848,*ST高斯
399101,002117,东港股份
399101,002769,普路通
399101,002052,同洲电子
399101,002396,星网锐捷
399101,002488,金固股份
399101,002063,远光软件
399101,002423,中粮资本
399101,002697,红旗连锁
399101,002878,元隆雅图
399101,002937,兴瑞科技
399101,002256,兆新股份
399101,002579,中京电子
399101,002748,世龙实业
399101,002182,宝武镁业
399101,002044,美年健康
399101,002112,三变科技
399101,002222,福晶科技
399101,002351,漫步者
399101,002534,西子洁能
399101,002881,美格智能
399101,003032,*ST传智
399101,002129,TCL中环
399101,002184,海得控制
399101,002664,信质集团
399101,002403,爱仕达
399101,002462,嘉事堂
399101,002489,浙江永强
399101,002830,名雕股份
399101,002047,*ST宝鹰
399101,002484,江海股份
399101,002757,南兴股份
399101,002976,瑞玛精密
399101,002159,三特索道
399101,002397,梦洁股份
399101,002683,广东宏大
399101,002893,京能热力
399101,002973,侨银股份
399101,002054,德美化工
399101,002206,海 利 得
399101,002322,理工能科
399101,002367,康力电梯
399101,002559,亚威股份
399101,002173,创新医疗
399101,003040,楚天龙
399101,002641,公元股份
399101,002983,芯瑞达
399101,003000,劲仔食品
399101,003019,宸展光电
399101,002860,星帅尔
399101,003020,立方制药
399101,002045,国光电器
399101,002643,万润股份
399101,002933,新兴装备
399101,002448,中原内配
399101,002424,ST百灵
399101,002602,世纪华通
399101,002511,中顺洁柔
399101,002651,利君股份
399101,002377,国创高新
399101,002616,长青集团
399101,002736,国信证券
399101,002841,视源股份
399101,002075,沙钢股份
399101,002670,国盛证券
399101,002672,东江环保
399101,002021,中捷资源
399101,002162,悦心健康
399101,002637,赞宇科技
399101,002066,瑞泰科技
399101,002178,延华智能
399101,002593,日上集团
399101,002735,王子新材
399101,002040,南 京 港
399101,002523,天桥起重
399101,002084,海鸥住工
399101,002226,江南化工
399101,002608,江苏国信
399101,002855,捷荣技术
399101,002152,广电运通
399101,002268,电科网安
399101,002799,环球印务
399101,002825,纳尔股份
399101,002202,金风科技
399101,002385,大北农
399101,002410,广联达
399101,003011,海象新材
399101,002073,软控股份
399101,002707,众信旅游
399101,002987,京北方
399101,002413,雷科防务
399101,002564,天沃科技
399101,002632,道明光学
399101,002828,贝肯能源
399101,002917,金奥博
399101,002465,海格通信
399101,002116,中国海诚
399101,002369,卓翼科技
399101,002065,东华软件
399101,002154,报 喜 鸟
399101,002314,南山控股
399101,002739,儒意电影
399101,002889,东方嘉盛
399101,002955,鸿合科技
399101,002562,兄弟科技
399101,002777,久远银海
399101,002797,第一创业
399101,002180,奔图科技
399101,003005,竞业达
399101,003028,振邦智能
399101,002029,七 匹 狼
399101,002110,三钢闽光
399101,002362,汉王科技
399101,002456,欧菲光
399101,002016,世荣兆业
399101,002187,广百股份
399101,002241,歌尔股份
399101,002519,银河电子
399101,002048,宁波华翔
399101,002800,天顺股份
399101,002833,弘亚数控
399101,002961,瑞达期货
399101,002901,大博医疗
399101,002876,三利谱
399101,002185,华天科技
399101,002319,乐通股份
399101,002949,华阳国际
399101,002383,合众思壮
399101,002648,卫星化学
399101,002913,奥士康
399101,002141,贤丰控股
399101,002333,罗普斯金
399101,002491,通鼎互联
399101,002753,永东股份
399101,003018,金富科技
399101,002320,海峡股份
399101,002426,胜利精密
399101,002483,润邦股份
399101,002500,山西证券
399101,002626,金达威
399101,002970,锐明技术
399101,002996,顺博合金
399101,002107,沃华医药
399101,002586,ST围海
399101,002098,浔兴股份
399101,002171,楚江新材
399101,002886,沃特股份
399101,002239,奥特佳
399101,002265,建设工业
399101,002381,双箭股份
399101,002696,百洋股份
399101,002012,凯恩股份
399101,002060,广东建工
399101,002061,浙江交科
399101,002069,獐子岛
399101,002334,英威腾
399101,002792,通宇通讯
399101,002575,群兴玩具
399101,002639,雪人集团
399101,002122,ST汇洲
399101,002700,万憬能源
399101,003001,中岩大地
399101,002004,华邦健康
399101,002267,陕天然气
399101,003009,中天火箭
399101,002014,永新股份
399101,002028,思源电气
399101,002236,大华股份
399101,002646,天佑德酒
399101,002673,西部证券
399101,002615,哈尔斯
399101,002827,高争民爆
399101,002843,泰嘉股份
399101,002633,申科股份
399101,002307,北新路桥
399101,002254,泰和新材
399101,002419,天虹股份
399101,002896,中大力德
399101,002479,富春环保
399101,002728,特一药业
399101,002846,英联股份
399101,002361,神剑股份
399101,002939,长城证券
399101,002287,奇正藏药
399101,002219,新里程
399101,002046,国机精工
399101,002742,*ST三圣
399101,002017,东信和平
399101,002035,华帝股份
399101,002767,先锋电子
399101,002469,三维化学
399101,002163,海南发展
399101,002899,英派斯
399101,002101,广东鸿图
399101,002432,九安医疗
399101,002959,小熊电器
399101,002190,成飞集成
399101,002597,金禾实业
399101,002585,双星新材
399101,002331,皖通科技
399101,002370,亚太药业
399101,002928,华夏航空
399101,002953,日丰股份
399101,002745,木林森
399101,002020,京新药业
399101,002644,佛慈制药
399101,002301,齐心集团
399101,002819,东方中科
399101,002375,亚厦股份
399101,002376,新北洋
399101,002583,海能达
399101,002062,宏润建设
399101,002119,康强电子
399101,002344,海宁皮城
399101,002951,金时科技
399101,002880,卫光生物
399101,002839,张家港行
399101,002907,华森制药
399101,002194,武汉凡谷
399101,002600,领益智造
399101,002304,洋河股份
399101,002409,雅克科技
399101,002900,哈三联
399101,002286,保龄宝
399101,002338,奥普光电
399101,002332,仙琚制药
399101,002920,德赛西威
399101,002930,宏川智慧
399101,002007,华兰生物
399101,002223,鱼跃医疗
399101,002252,上海莱士
399101,002326,永太科技
399101,002384,东山精密
399101,002415,海康威视
399101,002437,誉衡药业
399101,002778,中晟高科
399101,002142,宁波银行
399101,002442,龙星科技
399101,002515,金字火腿
399101,002540,亚太科技
399101,002598,ST章鼓
399101,002305,*ST南置
399101,002718,友邦吊顶
399101,002468,申通快递
399101,002676,顺威股份
399101,002446,盛路通信
399101,002538,ST司特
399101,002715,登云股份
399101,002752,昇兴股份
399101,002042,华孚时尚
399101,002059,云南旅游
399101,002687,乔治白
399101,002463,沪电股份
399101,002698,博实股份
399101,002892,科力尔
399101,002058,*ST威尔
399101,002677,浙江美大
399101,002139,拓邦股份
399101,002328,新朋股份
399101,002543,万和电气
399101,002870,香山股份
399101,002031,巨轮智能
399101,002357,富临运业
399101,002942,新农股份
399101,002692,远程股份
399101,003039,顺控发展
399101,002589,瑞康医药
399101,002339,积成电子
399101,002408,齐翔腾达
399101,002526,山东矿机
399101,002990,盛视科技
399101,002144,宏达高科
399101,002551,尚荣医疗
399101,002472,双环传动
399101,002945,华林证券
399101,002438,江苏神通
399101,002168,*ST惠程
399101,002708,光洋股份
399101,002849,威星智能
399101,002478,常宝股份
399101,002285,世联行
399101,002092,中泰化学
399101,002845,同兴达
399101,002195,岩山科技
399101,002734,利民股份
399101,002097,山河智能
399101,002030,达安基因
399101,002476,宝莫股份
399101,002816,*ST和科
399101,002507,涪陵榨菜
399101,002749,国光股份
399101,002131,利欧股份
399101,002327,富安娜
399101,002414,高德红外
399101,002650,ST加加
399101,002916,深南电路
399101,002565,顺灏股份
399101,002862,实丰文化
399101,002130,沃尔核材
399101,002695,煌上煌
399101,002768,国恩股份
399101,002039,黔源电力
399101,002967,广电计量
399101,002085,万丰奥威
399101,002165,红 宝 丽
399101,002166,莱茵生物
399101,002200,*ST交投
399101,002255,海陆重工
399101,002261,拓维信息
399101,002293,罗莱生活
399101,002349,精华制药
399101,002391,长青股份
399101,002399,海普瑞
399101,002452,长高电新
399101,002480,新筑股份
399101,002492,恒基达鑫
399101,002521,齐峰新材
399101,002725,跃岭股份
399101,002743,富煌钢构
399101,002912,中新赛克
399101,002926,华西证券
399101,002999,天禾股份
399101,003037,三和管桩
399101,002015,协鑫能科
399101,002214,*ST大立
399101,002803,吉宏股份
399101,002034,旺能环境
399101,002138,顺络电子
399101,002393,力生制药
399101,002603,以岭药业
399101,002216,三全食品
399101,002324,普利特
399101,002675,东诚药业
399101,002032,苏 泊 尔
399101,002989,中天精装
399101,002019,亿帆医药
399101,002262,恩华药业
399101,002588,史丹利
399101,002706,良信股份
399101,002003,伟星股份
399101,002250,联化科技
399101,002270,华明装备
399101,002387,维信诺
399101,002772,众兴菌业
399101,002449,国星光电
399101,002686,亿利达
399101,002550,千红制药
399101,002802,洪汇新材
399101,002204,大连重工
399101,002810,山东赫达
399101,002278,神开股份
399101,002258,利尔化学
399101,002379,宏桥控股
399101,003004,*ST声迅
399101,002064,华峰化学
399101,002434,万里扬
399101,002272,川润股份
399101,003025,思进智能
399101,002822,ST中装
399101,002741,光华科技
399101,002957,科瑞技术
399101,002625,光启技术
399101,002869,金溢科技
399101,003015,日久光电
399101,003007,直真科技
399101,002429,兆驰股份
399101,002364,中恒电气
399101,002454,松芝股份
399101,002642,荣联科技
399101,002366,融发核电
399101,002300,太阳电缆
399101,002306,*ST云网
399101,002850,科达利
399101,002911,佛燃能源
399101,002941,新疆交建
399101,002571,德力股份
399101,002284,亚太股份
399101,002242,九阳股份
399101,002496,*ST辉丰
399101,002580,圣阳股份
399101,002746,仙坛股份
399101,002536,飞龙股份
399101,002428,云南锗业
399101,002868,*ST绿康
399101,002352,顺丰控股
399101,002134,天津普林
399101,002925,盈趣科技
399101,002038,双鹭药业
399101,002356,赫美集团
399101,002120,韵达股份
399101,002212,天融信
399101,002516,旷达科技
399101,002158,汉钟精机
399101,002402,和而泰
399101,002508,老板电器
399101,002929,润建股份
399101,002582,好想你
399101,002191,劲嘉股份
399101,002689,ST远智
399101,002001,新 和 成
399101,002952,亚世光电
399101,002668,TCL智家
399101,002628,成都路桥
399101,002826,易明医药
399101,002229,鸿博股份
399101,002988,豪美新材
399101,002443,金洲管道
399101,002789,*ST建艺
399101,002127,南极电商
399101,002161,远 望 谷
399101,002436,兴森科技
399101,002902,铭普光磁
399101,002506,协鑫集成
399101,002439,启明星辰
399101,002657,中科金财
399101,002008,大族激光
399101,002981,朝阳科技
399101,002313,日海智能
399101,002371,北方华创
399101,002189,中光学
399101,002636,金安国纪
399101,002685,华东重机
399101,002072,凯瑞德
399101,002005,ST德豪
399101,003013,地铁设计
399101,002922,伊戈尔
399101,002156,通富微电
399101,002871,伟隆股份
399101,002475,立讯精密
399101,002055,ST得润
399101,002713,*ST东易
399101,002271,东方雨虹
399101,002821,凯莱英
399101,002918,蒙娜丽莎
399101,002224,三 力 士
399101,002406,远东传动
399101,002274,华昌化工
399101,002455,百川股份
399101,002623,亚玛顿
399101,002638,勤上股份
399101,002487,大金重工
399101,002025,航天电器
399101,003022,联泓新科
399101,003031,中瓷电子
399101,002932,*ST明德
399101,002412,汉森制药
399101,002653,海思科
399101,002931,锋龙股份
399101,002879,长缆科技
399101,002023,海特高新
399101,003027,同兴科技
399101,002624,完美世界
399101,002966,苏州银行
399101,002790,瑞尔特
399101,002230,科大讯飞
399101,002824,和胜股份
399101,003012,东鹏控股
399101,002647,仁东控股
399101,002793,罗欣药业
399101,002866,传艺科技
399101,002294,信立泰
399101,002938,鹏鼎控股
399101,002088,鲁阳节能
399101,002541,鸿路钢构
399101,002490,山东墨龙
399101,002703,浙江世宝
399101,002382,蓝帆医疗
399101,002654,万润科技
399101,002549,凯美特气
399101,003002,壶化股份
399101,002430,杭氧股份
399101,002218,拓日新能
399101,002950,奥美医疗
399101,002606,大连电瓷
399101,002290,禾盛新材
399101,002233,塔牌集团
399101,002669,康达新材
399101,002788,鹭燕医药
399101,002201,九鼎新材
399101,002940,昂利康
399101,002984,森麒麟
399101,002350,北京科锐
399101,002317,众生药业
399101,002036,联创电子
399101,002346,柘中股份
399101,002281,光迅科技
399101,002164,宁波东力
399101,002977,*ST天箭
399101,002082,万邦德
399101,002813,路畅科技
399101,002975,博杰股份
399101,002074,国轩高科
399101,003035,南网能源
399101,002662,峰璟股份
399101,002965,祥鑫科技
399101,002923,润都股份
399101,002592,ST八菱
399101,003816,中国广核
399101,002440,闰土股份
399101,002971,和远气体
399101,002612,朗姿股份
399101,002774,快意电梯
399101,002431,ST棕榈
399101,002207,*ST准油
399101,002360,ST同德
399101,002719,ST麦趣
399101,002693,*ST双成
399101,002731,ST萃华
399101,002898,*ST赛隆
399101,002253,*ST智胜
399101,002808,*ST恒久
399101,002992,宝明科技
399101,002815,崇达技术
399101,002980,华盛昌
399101,002614,奥佳华
399101,002649,博彦科技
399101,002427,尤夫股份
399101,002765,蓝黛科技
399101,002733,雄韬股份
399101,002093,国脉科技
399101,002198,嘉应制药
399101,002897,意华股份
399101,002724,海洋王
399101,002099,海翔药业
399101,002779,中坚科技
399101,002514,宝馨科技
399101,002102,能特科技
399101,002175,东方智造
399101,002323,雅博股份
399101,002501,利源股份
399101,002528,ST英飞拓
399101,002547,春兴精工
399101,002581,ST未名
399101,002620,ST瑞和
399101,002630,ST华西
399101,002691,冀凯股份
399101,002694,顾地科技
399101,002717,ST岭南
399101,002726,龙大美食
399101,002856,美芝股份
